               Time | Epoch | Learning rate | Train loss | Validation loss | MAE_energy | MAE_energy_grad | GPU Memory (MB)
2023-01-25 15:27:34 |     1 |     1.000e-03 |  6329.0833 |       1460.2477 |   219.5885 |         14.3262 |            7282
2023-01-25 15:27:56 |     2 |     1.000e-03 |   873.9463 |        481.9024 |    78.2077 |         10.6461 |            7282
2023-01-25 15:28:19 |     3 |     1.000e-03 |   488.4484 |        372.0711 |    75.7813 |          9.2512 |            7349
2023-01-25 15:28:41 |     4 |     1.000e-03 |   312.0235 |        236.2458 |    38.9206 |          7.9484 |            7423
2023-01-25 15:29:03 |     5 |     1.000e-03 |   345.8644 |        400.9236 |    50.1677 |          9.9147 |            7423
2023-01-25 15:29:25 |     6 |     1.000e-03 |   356.4415 |        254.4135 |    76.2189 |          7.3523 |            7423
2023-01-25 15:29:47 |     7 |     1.000e-03 |   238.5078 |        234.7124 |    80.0264 |          6.8612 |            7423
2023-01-25 15:30:09 |     8 |     1.000e-03 |   212.3920 |        201.0179 |    58.2169 |          6.7532 |            7423
2023-01-25 15:30:31 |     9 |     1.000e-03 |   171.4187 |        151.7181 |    28.7545 |          6.3438 |            7423
2023-01-25 15:30:53 |    10 |     1.000e-03 |   143.2797 |        153.3822 |    37.4266 |          6.0609 |            7423
2023-01-25 15:31:15 |    11 |     1.000e-03 |   133.5049 |        134.6767 |    29.3884 |          5.7497 |            7423
2023-01-25 15:31:38 |    12 |     1.000e-03 |   173.2599 |        181.2354 |    58.0059 |          6.3180 |            7423
2023-01-25 15:32:00 |    13 |     1.000e-03 |   251.8086 |        307.2317 |    96.7191 |          7.4689 |            7423
2023-01-25 15:32:22 |    14 |     1.000e-03 |   189.7010 |        136.9210 |    28.5263 |          6.0352 |            7423
2023-01-25 15:32:44 |    15 |     1.000e-03 |   185.2180 |        139.9048 |    32.1331 |          6.0175 |            7423
2023-01-25 15:33:06 |    16 |     1.000e-03 |   158.8919 |        123.9429 |    30.4082 |          5.5655 |            7423
2023-01-25 15:33:28 |    17 |     1.000e-03 |   472.3031 |        264.7864 |    50.3526 |          8.4127 |            7423
2023-01-25 15:33:50 |    18 |     1.000e-03 |   242.4887 |        161.5251 |    46.6859 |          6.2617 |            7423
2023-01-25 15:34:12 |    19 |     1.000e-03 |   185.3553 |        132.1514 |    28.9354 |          5.8053 |            7423
2023-01-25 15:34:34 |    20 |     1.000e-03 |   375.8393 |        267.6792 |    52.8407 |          8.3110 |            7423
2023-01-25 15:34:56 |    21 |     1.000e-03 |   229.4235 |        172.4441 |    42.4406 |          6.4115 |            7423
2023-01-25 15:35:18 |    22 |     1.000e-03 |   174.1346 |        128.7321 |    24.0324 |          5.7247 |            7423
2023-01-25 15:35:41 |    23 |     1.000e-03 |   122.8424 |        129.6737 |    38.7152 |          5.5444 |            7423
2023-01-25 15:36:03 |    24 |     1.000e-03 |   115.1102 |        115.4952 |    34.8540 |          5.3201 |            7423
2023-01-25 15:36:25 |    25 |     1.000e-03 |   149.1376 |        107.4016 |    23.5418 |          5.1857 |            7423
2023-01-25 15:36:47 |    26 |     1.000e-03 |   112.1123 |        102.0031 |    23.7121 |          5.0950 |            7423
2023-01-25 15:37:09 |    27 |     1.000e-03 |    94.1793 |         97.6749 |    26.2861 |          4.9276 |            7423
2023-01-25 15:37:31 |    28 |     1.000e-03 |   121.9209 |        132.0855 |    53.3055 |          5.1966 |            7423
2023-01-25 15:37:53 |    29 |     1.000e-03 |   114.4375 |        103.2795 |    22.7856 |          4.9625 |            7423
2023-01-25 15:38:15 |    30 |     1.000e-03 |   135.0805 |        127.4979 |    37.0192 |          5.4400 |            7423
2023-01-25 15:38:38 |    31 |     1.000e-03 |   100.5455 |        109.8876 |    37.2390 |          4.9658 |            7423
2023-01-25 15:38:57 |    32 |     1.000e-03 |   206.1311 |        193.4112 |    34.2708 |          6.3170 |            7423
2023-01-25 15:39:19 |    33 |     1.000e-03 |   195.3697 |         98.8506 |    20.7593 |          5.0056 |            7423
2023-01-25 15:39:41 |    34 |     1.000e-03 |   120.4253 |         91.9880 |    19.3134 |          4.8027 |            7423
2023-01-25 15:40:04 |    35 |     1.000e-03 |   121.6901 |         91.3097 |    19.4248 |          4.8032 |            7423
2023-01-25 15:40:25 |    36 |     1.000e-03 |    94.3216 |         88.5812 |    22.1150 |          4.6494 |            7423
2023-01-25 15:40:47 |    37 |     1.000e-03 |    78.2332 |         83.9624 |    17.5292 |          4.5837 |            7423
2023-01-25 15:41:09 |    38 |     1.000e-03 |   109.4215 |        102.7017 |    37.1248 |          4.8054 |            7423
2023-01-25 15:41:31 |    39 |     1.000e-03 |    74.9676 |         83.8478 |    22.7268 |          4.4641 |            7423
2023-01-25 15:41:53 |    40 |     1.000e-03 |   160.5416 |        126.0796 |    37.1134 |          5.3298 |            7423
2023-01-25 15:42:15 |    41 |     1.000e-03 |   112.4303 |         91.6176 |    25.6584 |          4.7290 |            7423
2023-01-25 15:42:37 |    42 |     1.000e-03 |   100.8978 |        107.1788 |    27.5328 |          4.8042 |            7423
2023-01-25 15:42:59 |    43 |     1.000e-03 |   121.2843 |        139.2732 |    59.0648 |          4.8533 |            7423
2023-01-25 15:43:21 |    44 |     1.000e-03 |    79.7869 |         82.4516 |    25.2109 |          4.3655 |            7423
2023-01-25 15:43:43 |    45 |     1.000e-03 |    68.7585 |         74.3329 |    18.7070 |          4.2493 |            7423
2023-01-25 15:44:05 |    46 |     1.000e-03 |    65.1424 |         77.0260 |    22.2937 |          4.2485 |            7423
2023-01-25 15:44:27 |    47 |     1.000e-03 |    78.0389 |         74.2112 |    14.3774 |          4.2918 |            7423
2023-01-25 15:44:49 |    48 |     1.000e-03 |    94.5529 |         95.2707 |    36.5906 |          4.3770 |            7423
2023-01-25 15:45:11 |    49 |     1.000e-03 |    67.2988 |         75.5658 |    16.5266 |          4.2426 |            7423
2023-01-25 15:45:33 |    50 |     1.000e-03 |    64.8838 |         78.5636 |    19.6964 |          4.2573 |            7423
2023-01-25 15:45:55 |    51 |     1.000e-03 |    73.7609 |         83.6324 |    19.3076 |          4.3733 |            7423
2023-01-25 15:46:18 |    52 |     1.000e-03 |   123.6280 |        135.7054 |    35.5283 |          5.2049 |            7423
2023-01-25 15:46:40 |    53 |     1.000e-03 |    96.5663 |         77.5577 |    21.3771 |          4.2892 |            7423
2023-01-25 15:47:01 |    54 |     1.000e-03 |    76.8328 |         71.2028 |    16.7157 |          4.1102 |            7423
2023-01-25 15:47:23 |    55 |     1.000e-03 |    75.6600 |         81.5663 |    25.2983 |          4.3724 |            7423
2023-01-25 15:47:45 |    56 |     1.000e-03 |    82.4152 |         68.8343 |    17.3198 |          4.0823 |            7423
2023-01-25 15:48:07 |    57 |     1.000e-03 |    64.1189 |         84.0907 |    33.0379 |          4.2049 |            7423
2023-01-25 15:48:29 |    58 |     1.000e-03 |    80.4112 |         79.9437 |    26.4084 |          4.1969 |            7423
2023-01-25 15:48:51 |    59 |     1.000e-03 |    77.9541 |         82.9932 |    26.5087 |          4.3013 |            7423
2023-01-25 15:49:13 |    60 |     1.000e-03 |    98.8655 |         79.9222 |    23.2490 |          4.3936 |            7423
2023-01-25 15:49:35 |    61 |     1.000e-03 |    61.3783 |         75.6084 |    17.9642 |          4.1442 |            7423
2023-01-25 15:49:57 |    62 |     1.000e-03 |    76.0247 |        135.2104 |    55.4560 |          4.5663 |            7423
2023-01-25 15:50:19 |    63 |     1.000e-03 |    87.1172 |         96.6982 |    37.8490 |          4.2791 |            7423
2023-01-25 15:50:38 |    64 |     1.000e-03 |    86.5561 |         78.6953 |    19.6529 |          4.3372 |            7423
2023-01-25 15:51:00 |    65 |     1.000e-03 |    74.7079 |         72.3375 |    25.9750 |          3.9830 |            7423
2023-01-25 15:51:22 |    66 |     1.000e-03 |    90.3367 |         73.4879 |    22.2093 |          4.1167 |            7423
2023-01-25 15:51:44 |    67 |     1.000e-03 |    70.7166 |         72.8748 |    24.7639 |          4.0077 |            7423
2023-01-25 15:52:06 |    68 |     1.000e-03 |    81.2027 |         65.6848 |    16.6932 |          3.9720 |            7423
2023-01-25 15:52:28 |    69 |     1.000e-03 |    52.1486 |         63.9633 |    16.4394 |          3.8882 |            7423
2023-01-25 15:52:50 |    70 |     1.000e-03 |    59.0196 |         89.6229 |    38.2381 |          4.1339 |            7423
2023-01-25 15:53:12 |    71 |     1.000e-03 |    83.3557 |         81.9515 |    23.4252 |          4.3907 |            7423
2023-01-25 15:53:34 |    72 |     1.000e-03 |    66.8841 |         75.7372 |    14.8440 |          4.2891 |            7423
2023-01-25 15:53:55 |    73 |     1.000e-03 |    93.7042 |         90.0517 |    20.4085 |          4.4074 |            7423
2023-01-25 15:54:17 |    74 |     1.000e-03 |    75.1207 |         69.9339 |    14.2527 |          4.1035 |            7423
2023-01-25 15:54:39 |    75 |     1.000e-03 |   112.3445 |         72.4698 |    15.4228 |          4.2345 |            7423
2023-01-25 15:55:01 |    76 |     1.000e-03 |    88.4638 |         87.5018 |    27.0219 |          4.3314 |            7423
2023-01-25 15:55:23 |    77 |     1.000e-03 |    75.8509 |         95.5570 |    39.2398 |          4.3094 |            7423
2023-01-25 15:55:45 |    78 |     1.000e-03 |    89.0069 |         96.2738 |    33.1852 |          4.2906 |            7423
2023-01-25 15:56:07 |    79 |     1.000e-03 |    56.9260 |         69.6605 |    25.2715 |          3.8701 |            7423
2023-01-25 15:56:29 |    80 |     1.000e-03 |    61.7610 |         60.4705 |    12.2771 |          3.7895 |            7423
2023-01-25 15:56:51 |    81 |     1.000e-03 |    65.3086 |         63.8599 |    18.5294 |          3.8051 |            7426
2023-01-25 15:57:13 |    82 |     1.000e-03 |    77.2065 |         66.1503 |    16.5139 |          3.9282 |            7426
2023-01-25 15:57:34 |    83 |     1.000e-03 |    75.7533 |         68.9133 |    14.7420 |          3.9294 |            7426
2023-01-25 15:57:56 |    84 |     1.000e-03 |    86.8131 |         72.1234 |    20.8670 |          4.0151 |            7426
2023-01-25 15:58:18 |    85 |     1.000e-03 |    65.5249 |         69.7185 |    19.0634 |          3.9572 |            7426
2023-01-25 15:58:40 |    86 |     1.000e-03 |    70.1398 |         91.0547 |    40.6857 |          4.1089 |            7426
2023-01-25 15:59:02 |    87 |     1.000e-03 |    66.1978 |         97.0089 |    38.0700 |          4.3915 |            7426
2023-01-25 15:59:24 |    88 |     1.000e-03 |    69.5695 |         80.9102 |    19.5789 |          4.3322 |            7426
2023-01-25 15:59:46 |    89 |     1.000e-03 |    67.5360 |         82.7097 |    23.8802 |          4.2952 |            7426
2023-01-25 16:00:08 |    90 |     1.000e-03 |    65.4507 |         85.2796 |    29.3895 |          4.3389 |            7426
2023-01-25 16:00:30 |    91 |     1.000e-03 |    64.8442 |         93.6716 |    38.4767 |          4.1036 |            7426
2023-01-25 16:00:52 |    92 |     1.000e-03 |    58.8322 |        102.2299 |    47.9682 |          4.0726 |            7426
2023-01-25 16:01:14 |    93 |     1.000e-03 |    65.1674 |         89.1685 |    37.4563 |          3.9317 |            7426
2023-01-25 16:01:36 |    94 |     1.000e-03 |    56.2296 |        120.2270 |    63.8468 |          4.0231 |            7426
2023-01-25 16:01:58 |    95 |     1.000e-03 |   370.3998 |        129.5028 |    30.1216 |          5.6595 |            7426
2023-01-25 16:02:16 |    96 |     1.000e-03 |    94.0534 |         89.9558 |    28.7990 |          4.6103 |            7426
2023-01-25 16:02:38 |    97 |     1.000e-03 |   103.4196 |        103.6952 |    31.0693 |          5.0613 |            7426
2023-01-25 16:03:00 |    98 |     1.000e-03 |   114.7146 |         78.0409 |    20.1180 |          4.3219 |            7426
2023-01-25 16:03:22 |    99 |     1.000e-03 |    53.8601 |         72.1252 |    19.7882 |          4.0300 |            7426
2023-01-25 16:03:44 |   100 |     1.000e-03 |    55.6041 |         73.0385 |    21.9574 |          3.9804 |            7426
2023-01-25 16:04:06 |   101 |     1.000e-03 |    81.7300 |         76.3437 |    27.5274 |          4.0134 |            7426
2023-01-25 16:04:28 |   102 |     1.000e-03 |    45.9790 |         70.1874 |    19.6685 |          3.8916 |            7426
2023-01-25 16:04:50 |   103 |     1.000e-03 |    47.0312 |         66.7906 |    19.7772 |          3.7976 |            7426
2023-01-25 16:05:12 |   104 |     1.000e-03 |    46.6287 |         67.0796 |    18.5862 |          3.8088 |            7426
2023-01-25 16:05:33 |   105 |     1.000e-03 |    92.3343 |         70.6226 |    21.1199 |          3.9131 |            7426
2023-01-25 16:05:55 |   106 |     1.000e-03 |    49.7815 |         71.4596 |    28.3971 |          3.8301 |            7426
2023-01-25 16:06:17 |   107 |     1.000e-03 |    88.1819 |         89.2685 |    38.8118 |          4.1825 |            7426
2023-01-25 16:06:38 |   108 |     1.000e-03 |    47.0957 |         77.8093 |    30.0296 |          3.9405 |            7426
2023-01-25 16:07:00 |   109 |     1.000e-03 |    40.1870 |         69.5746 |    20.1970 |          3.8020 |            7426
2023-01-25 16:07:22 |   110 |     1.000e-03 |    60.4722 |         69.4917 |    20.3622 |          3.8587 |            7426
2023-01-25 16:07:44 |   111 |     1.000e-03 |   763.1372 |        474.5261 |    94.7905 |         10.6684 |            7426
2023-01-25 16:08:06 |   112 |     1.000e-03 |   291.4102 |        190.3910 |    39.1428 |          7.1054 |            7426
2023-01-25 16:08:27 |   113 |     1.000e-03 |   159.3143 |        137.9909 |    24.2160 |          6.0476 |            7426
2023-01-25 16:08:49 |   114 |     1.000e-03 |   142.4100 |        123.9621 |    22.7043 |          5.7209 |            7426
2023-01-25 16:09:11 |   115 |     1.000e-03 |   129.1417 |        116.6568 |    23.2178 |          5.5300 |            7426
2023-01-25 16:09:33 |   116 |     1.000e-03 |   105.6922 |        107.1529 |    21.7762 |          5.2399 |            7426
2023-01-25 16:09:55 |   117 |     3.000e-04 |   112.9203 |        105.1820 |    20.0329 |          5.2496 |            7426
2023-01-25 16:10:17 |   118 |     3.000e-04 |   109.3585 |         98.6325 |    18.7784 |          5.0613 |            7426
2023-01-25 16:10:38 |   119 |     3.000e-04 |    92.0742 |         95.7905 |    18.6170 |          4.9657 |            7426
2023-01-25 16:11:00 |   120 |     3.000e-04 |    87.0326 |         94.1309 |    19.3897 |          4.8958 |            7426
2023-01-25 16:11:22 |   121 |     3.000e-04 |    84.6047 |         92.7364 |    20.0376 |          4.8358 |            7426
2023-01-25 16:11:44 |   122 |     3.000e-04 |    82.7993 |         91.0976 |    19.9168 |          4.7804 |            7426
2023-01-25 16:12:06 |   123 |     3.000e-04 |    81.1870 |         89.0695 |    18.8981 |          4.7278 |            7428
2023-01-25 16:12:28 |   124 |     3.000e-04 |    79.6800 |         87.0566 |    17.6143 |          4.6827 |            7428
2023-01-25 16:12:49 |   125 |     3.000e-04 |    78.1030 |         85.6095 |    17.1544 |          4.6438 |            7428
2023-01-25 16:13:11 |   126 |     3.000e-04 |    76.3969 |         84.4888 |    17.2695 |          4.6022 |            7428
2023-01-25 16:13:33 |   127 |     3.000e-04 |    74.6754 |         83.1389 |    17.0544 |          4.5581 |            7428
2023-01-25 16:13:52 |   128 |     3.000e-04 |    73.4107 |         82.1432 |    16.0934 |          4.5743 |            7428
2023-01-25 16:14:14 |   129 |     3.000e-04 |    71.9507 |         80.9402 |    16.5297 |          4.4855 |            7428
2023-01-25 16:14:35 |   130 |     3.000e-04 |    70.8752 |         79.9055 |    16.2569 |          4.4536 |            7428
2023-01-25 16:14:57 |   131 |     3.000e-04 |    70.2115 |         78.9376 |    15.9472 |          4.4162 |            7428
2023-01-25 16:15:19 |   132 |     3.000e-04 |    69.0245 |         78.4625 |    16.5301 |          4.3988 |            7428
2023-01-25 16:15:41 |   133 |     3.000e-04 |    69.2909 |         77.5932 |    16.1355 |          4.3561 |            7428
2023-01-25 16:16:02 |   134 |     3.000e-04 |    68.0702 |         76.9908 |    16.5499 |          4.3602 |            7428
2023-01-25 16:16:24 |   135 |     3.000e-04 |    68.3311 |         75.9786 |    16.1269 |          4.3048 |            7428
2023-01-25 16:16:46 |   136 |     3.000e-04 |    65.9110 |         76.1409 |    17.3818 |          4.3199 |            7428
2023-01-25 16:17:08 |   137 |     3.000e-04 |    66.1379 |         73.3935 |    15.1609 |          4.2389 |            7428
2023-01-25 16:17:30 |   138 |     3.000e-04 |    63.2784 |         73.2103 |    15.6140 |          4.2307 |            7428
2023-01-25 16:17:52 |   139 |     3.000e-04 |    63.3552 |         72.7077 |    15.2291 |          4.2095 |            7428
2023-01-25 16:18:14 |   140 |     3.000e-04 |    71.7785 |         76.4133 |    16.2911 |          4.3167 |            7428
2023-01-25 16:18:36 |   141 |     3.000e-04 |    76.3978 |         72.1999 |    15.5376 |          4.1774 |            7428
2023-01-25 16:18:57 |   142 |     3.000e-04 |    60.4463 |         72.2178 |    18.0257 |          4.1651 |            7428
2023-01-25 16:19:19 |   143 |     3.000e-04 |    63.8254 |         72.1202 |    17.6659 |          4.1454 |            7428
2023-01-25 16:19:41 |   144 |     3.000e-04 |    57.6702 |         70.3122 |    17.6272 |          4.0926 |            7428
2023-01-25 16:20:03 |   145 |     3.000e-04 |    56.3238 |         67.6683 |    14.3255 |          4.0350 |            7428
2023-01-25 16:20:25 |   146 |     3.000e-04 |    54.8447 |         66.7548 |    13.7564 |          4.0047 |            7428
2023-01-25 16:20:47 |   147 |     3.000e-04 |    53.8106 |         67.0079 |    14.8436 |          4.0008 |            7428
2023-01-25 16:21:08 |   148 |     3.000e-04 |    53.0122 |         66.7480 |    15.3350 |          3.9746 |            7428
2023-01-25 16:21:30 |   149 |     3.000e-04 |    52.3210 |         66.1558 |    14.5374 |          3.9802 |            7428
2023-01-25 16:21:52 |   150 |     3.000e-04 |    51.7415 |         65.0620 |    15.0422 |          3.9360 |            7428
2023-01-25 16:22:14 |   151 |     3.000e-04 |    50.9654 |         65.1720 |    14.5690 |          3.9405 |            7428
2023-01-25 16:22:36 |   152 |     3.000e-04 |    51.1405 |         64.1681 |    14.4911 |          3.9063 |            7428
2023-01-25 16:22:58 |   153 |     9.000e-05 |    48.2874 |         62.4786 |    12.2417 |          3.8414 |            7428
2023-01-25 16:23:19 |   154 |     9.000e-05 |    46.8661 |         62.1161 |    11.8979 |          3.8307 |            7428
2023-01-25 16:23:41 |   155 |     9.000e-05 |    46.5012 |         61.9672 |    11.8310 |          3.8245 |            7428
2023-01-25 16:24:04 |   156 |     9.000e-05 |    46.2246 |         61.9141 |    11.9357 |          3.8207 |            7428
2023-01-25 16:24:25 |   157 |     9.000e-05 |    45.9624 |         61.9418 |    12.1885 |          3.8180 |            7428
2023-01-25 16:24:47 |   158 |     9.000e-05 |    45.6990 |         61.9207 |    12.4533 |          3.8141 |            7428
2023-01-25 16:25:09 |   159 |     9.000e-05 |    45.4175 |         61.8340 |    12.6296 |          3.8099 |            7428
2023-01-25 16:25:27 |   160 |     9.000e-05 |    45.3081 |         60.4941 |    11.6130 |          3.7814 |            7428
2023-01-25 16:25:49 |   161 |     9.000e-05 |    44.9140 |         61.4539 |    12.7604 |          3.7995 |            7428
2023-01-25 16:26:11 |   162 |     9.000e-05 |    44.6386 |         61.3206 |    12.8253 |          3.7933 |            7428
2023-01-25 16:26:33 |   163 |     9.000e-05 |    44.3988 |         61.1492 |    12.8494 |          3.7873 |            7428
2023-01-25 16:26:54 |   164 |     9.000e-05 |    44.1556 |         60.9567 |    12.7955 |          3.7803 |            7428
2023-01-25 16:27:16 |   165 |     9.000e-05 |    43.9057 |         60.7413 |    12.6592 |          3.7741 |            7428
2023-01-25 16:27:38 |   166 |     9.000e-05 |    43.6475 |         60.4849 |    12.4597 |          3.7667 |            7428
2023-01-25 16:27:59 |   167 |     9.000e-05 |    43.3830 |         60.2940 |    12.3074 |          3.7600 |            7428
2023-01-25 16:28:21 |   168 |     9.000e-05 |    43.1152 |         60.1137 |    12.1495 |          3.7529 |            7428
2023-01-25 16:28:43 |   169 |     9.000e-05 |    42.8403 |         59.9310 |    12.0277 |          3.7464 |            7428
2023-01-25 16:29:05 |   170 |     9.000e-05 |    42.5534 |         59.7356 |    11.8638 |          3.7395 |            7428
2023-01-25 16:29:27 |   171 |     9.000e-05 |    42.2563 |         59.5475 |    11.7437 |          3.7318 |            7428
2023-01-25 16:29:49 |   172 |     9.000e-05 |    42.0012 |         59.4248 |    11.6119 |          3.7258 |            7428
2023-01-25 16:30:10 |   173 |     9.000e-05 |    41.6900 |         59.2559 |    11.5374 |          3.7184 |            7428
2023-01-25 16:30:33 |   174 |     9.000e-05 |    41.3963 |         59.1166 |    11.4694 |          3.7121 |            7428
2023-01-25 16:30:55 |   175 |     9.000e-05 |    41.1054 |         59.0017 |    11.4023 |          3.7065 |            7428
2023-01-25 16:31:16 |   176 |     9.000e-05 |    40.8180 |         58.8694 |    11.3474 |          3.7000 |            7428
2023-01-25 16:31:38 |   177 |     9.000e-05 |    40.5242 |         58.7601 |    11.3088 |          3.6941 |            7428
2023-01-25 16:32:00 |   178 |     9.000e-05 |    40.2388 |         58.6517 |    11.2881 |          3.6878 |            7428
2023-01-25 16:32:22 |   179 |     9.000e-05 |    39.9406 |         58.5830 |    11.2793 |          3.6839 |            7428
2023-01-25 16:32:44 |   180 |     9.000e-05 |    39.6672 |         58.5284 |    11.2795 |          3.6782 |            7428
2023-01-25 16:33:06 |   181 |     9.000e-05 |    39.3705 |         58.4114 |    11.2709 |          3.6713 |            7428
2023-01-25 16:33:28 |   182 |     9.000e-05 |    39.0790 |         58.3533 |    11.2774 |          3.6667 |            7428
2023-01-25 16:33:50 |   183 |     9.000e-05 |    38.8082 |         58.2814 |    11.2706 |          3.6604 |            7428
2023-01-25 16:34:12 |   184 |     9.000e-05 |    38.5250 |         58.2182 |    11.2809 |          3.6565 |            7428
2023-01-25 16:34:34 |   185 |     9.000e-05 |    38.2598 |         58.1351 |    11.2612 |          3.6513 |            7428
2023-01-25 16:34:55 |   186 |     9.000e-05 |    37.9872 |         58.0622 |    11.2445 |          3.6471 |            7428
2023-01-25 16:35:17 |   187 |     9.000e-05 |    37.7263 |         57.9745 |    11.2312 |          3.6396 |            7428
2023-01-25 16:35:39 |   188 |     9.000e-05 |    37.4543 |         57.9182 |    11.1933 |          3.6379 |            7428
2023-01-25 16:36:00 |   189 |     9.000e-05 |    37.2152 |         57.8189 |    11.2093 |          3.6295 |            7428
2023-01-25 16:36:22 |   190 |     9.000e-05 |    36.9845 |         57.7069 |    11.1482 |          3.6285 |            7428
2023-01-25 16:36:44 |   191 |     9.000e-05 |    36.7837 |         57.6491 |    11.1914 |          3.6180 |            7428
2023-01-25 16:37:03 |   192 |     9.000e-05 |    36.8376 |         57.2446 |    12.0464 |          3.6281 |            7428
2023-01-25 16:37:25 |   193 |     9.000e-05 |    36.9518 |         57.4956 |    11.3838 |          3.6049 |            7428
2023-01-25 16:37:47 |   194 |     9.000e-05 |    36.4637 |         57.2717 |    10.9766 |          3.6093 |            7428
2023-01-25 16:38:08 |   195 |     9.000e-05 |    36.2705 |         57.2420 |    11.2921 |          3.5944 |            7428
2023-01-25 16:38:30 |   196 |     9.000e-05 |    36.0269 |         57.0439 |    10.9287 |          3.5982 |            7428
2023-01-25 16:38:52 |   197 |     9.000e-05 |    35.7165 |         56.9577 |    11.1620 |          3.5837 |            7428
2023-01-25 16:39:14 |   198 |     9.000e-05 |    35.4327 |         56.7398 |    10.8646 |          3.5851 |            7428
2023-01-25 16:39:36 |   199 |     9.000e-05 |    35.1170 |         56.6754 |    11.0525 |          3.5729 |            7428
2023-01-25 16:39:58 |   200 |     9.000e-05 |    34.8582 |         56.4911 |    10.8050 |          3.5729 |            7428
2023-01-25 16:40:19 |   201 |     9.000e-05 |    34.5783 |         56.5096 |    10.9651 |          3.5633 |            7428
2023-01-25 16:40:41 |   202 |     9.000e-05 |    34.3593 |         56.3305 |    10.7743 |          3.5622 |            7428
2023-01-25 16:41:03 |   203 |     9.000e-05 |    34.0919 |         56.3244 |    10.8882 |          3.5542 |            7428
2023-01-25 16:41:25 |   204 |     9.000e-05 |    33.9251 |         55.9786 |    10.6781 |          3.5529 |            7428
2023-01-25 16:41:46 |   205 |     9.000e-05 |    33.6618 |         56.2927 |    10.7906 |          3.5463 |            7428
2023-01-25 16:42:08 |   206 |     9.000e-05 |    33.4873 |         56.0494 |    10.6752 |          3.5459 |            7428
2023-01-25 16:42:30 |   207 |     9.000e-05 |    33.2336 |         56.3273 |    10.7588 |          3.5504 |            7428
2023-01-25 16:42:52 |   208 |     9.000e-05 |    33.1323 |         56.0405 |    10.6599 |          3.5383 |            7428
2023-01-25 16:43:13 |   209 |     9.000e-05 |    32.8473 |         55.9880 |    10.7190 |          3.5299 |            7428
2023-01-25 16:43:35 |   210 |     9.000e-05 |    32.7196 |         55.7918 |    10.6123 |          3.5301 |            7428
2023-01-25 16:43:57 |   211 |     9.000e-05 |    32.4858 |         55.8640 |    10.7306 |          3.5223 |            7428
2023-01-25 16:44:19 |   212 |     9.000e-05 |    32.3761 |         55.6933 |    10.6261 |          3.5248 |            7428
2023-01-25 16:44:41 |   213 |     9.000e-05 |    32.1653 |         55.7936 |    10.7668 |          3.5157 |            7428
2023-01-25 16:45:02 |   214 |     9.000e-05 |    32.0634 |         55.5217 |    10.6306 |          3.5155 |            7428
2023-01-25 16:45:24 |   215 |     9.000e-05 |    31.8561 |         55.4989 |    10.7793 |          3.5070 |            7428
2023-01-25 16:45:46 |   216 |     9.000e-05 |    31.7656 |         55.2343 |    10.6644 |          3.5055 |            7428
2023-01-25 16:46:08 |   217 |     9.000e-05 |    31.5566 |         55.4818 |    10.8179 |          3.5025 |            7428
2023-01-25 16:46:30 |   218 |     9.000e-05 |    31.4723 |         55.3440 |    10.7544 |          3.5015 |            7428
2023-01-25 16:46:52 |   219 |     9.000e-05 |    31.2223 |         55.3364 |    10.8670 |          3.4963 |            7428
2023-01-25 16:47:13 |   220 |     9.000e-05 |    31.0804 |         54.7661 |    10.7549 |          3.4887 |            7428
2023-01-25 16:47:35 |   221 |     9.000e-05 |    30.8590 |         54.7630 |    10.9428 |          3.4835 |            7428
2023-01-25 16:47:57 |   222 |     9.000e-05 |    30.7037 |         55.0774 |    10.8410 |          3.4895 |            7428
2023-01-25 16:48:19 |   223 |     9.000e-05 |    30.4846 |         55.1729 |    10.9856 |          3.4861 |            7428
2023-01-25 16:48:38 |   224 |     9.000e-05 |    30.4988 |         55.5223 |    11.5830 |          3.5179 |            7428
2023-01-25 16:49:00 |   225 |     9.000e-05 |    30.5058 |         55.0892 |    11.1307 |          3.4816 |            7428
2023-01-25 16:49:22 |   226 |     9.000e-05 |    30.1102 |         55.0755 |    11.0297 |          3.4809 |            7428
2023-01-25 16:49:43 |   227 |     9.000e-05 |    29.9129 |         55.1885 |    11.1246 |          3.4804 |            7428
2023-01-25 16:50:05 |   228 |     9.000e-05 |    29.6992 |         55.0326 |    11.0673 |          3.4780 |            7428
2023-01-25 16:50:27 |   229 |     9.000e-05 |    29.5258 |         55.1617 |    11.1453 |          3.4778 |            7428
2023-01-25 16:50:48 |   230 |     9.000e-05 |    29.3637 |         54.9442 |    11.0403 |          3.4744 |            7428
2023-01-25 16:51:10 |   231 |     9.000e-05 |    29.1970 |         55.1299 |    11.1438 |          3.4749 |            7428
2023-01-25 16:51:32 |   232 |     9.000e-05 |    29.0587 |         54.6699 |    11.0157 |          3.4704 |            7428
2023-01-25 16:51:54 |   233 |     9.000e-05 |    28.9243 |         55.1546 |    11.1680 |          3.4727 |            7428
2023-01-25 16:52:16 |   234 |     9.000e-05 |    28.8050 |         54.7155 |    11.1118 |          3.4687 |            7428
2023-01-25 16:52:37 |   235 |     9.000e-05 |    28.6851 |         55.1351 |    11.2430 |          3.4704 |            7428
2023-01-25 16:52:59 |   236 |     9.000e-05 |    28.5853 |         54.7699 |    11.0967 |          3.4687 |            7428
2023-01-25 16:53:21 |   237 |     9.000e-05 |    28.4654 |         55.1397 |    11.2314 |          3.4679 |            7428
2023-01-25 16:53:42 |   238 |     9.000e-05 |    28.3897 |         54.5305 |    11.2065 |          3.4646 |            7428
2023-01-25 16:54:04 |   239 |     9.000e-05 |    28.2586 |         54.8434 |    11.1882 |          3.4640 |            7428
2023-01-25 16:54:26 |   240 |     9.000e-05 |    28.1310 |         54.9844 |    11.2678 |          3.4709 |            7428
2023-01-25 16:54:48 |   241 |     9.000e-05 |    28.0124 |         55.0535 |    11.1870 |          3.4664 |            7428
2023-01-25 16:55:09 |   242 |     9.000e-05 |    27.8881 |         55.0571 |    11.3199 |          3.4703 |            7428
2023-01-25 16:55:31 |   243 |     9.000e-05 |    27.7827 |         55.0929 |    11.1318 |          3.4662 |            7428
2023-01-25 16:55:53 |   244 |     9.000e-05 |    27.6695 |         55.0689 |    11.2725 |          3.4694 |            7428
2023-01-25 16:56:15 |   245 |     9.000e-05 |    27.5974 |         54.8678 |    10.9380 |          3.4659 |            7428
2023-01-25 16:56:37 |   246 |     9.000e-05 |    27.4534 |         55.1349 |    10.9245 |          3.4723 |            7428
2023-01-25 16:56:59 |   247 |     9.000e-05 |    27.3600 |         55.1024 |    10.6168 |          3.4674 |            7428
2023-01-25 16:57:21 |   248 |     9.000e-05 |    27.2196 |         54.9952 |    10.5551 |          3.4709 |            7428
2023-01-25 16:57:43 |   249 |     9.000e-05 |    27.1650 |         54.9794 |    10.3442 |          3.4653 |            7428
2023-01-25 16:58:05 |   250 |     9.000e-05 |    27.0272 |         54.9956 |    10.2241 |          3.4689 |            7428
2023-01-25 16:58:27 |   251 |     9.000e-05 |    27.0159 |         54.8044 |     9.9753 |          3.4601 |            7428
2023-01-25 16:58:48 |   252 |     9.000e-05 |    26.8888 |         54.8083 |     9.8907 |          3.4644 |            7428
2023-01-25 16:59:10 |   253 |     9.000e-05 |    26.9220 |         54.7361 |     9.6942 |          3.4541 |            7428
2023-01-25 16:59:32 |   254 |     9.000e-05 |    26.8496 |         54.6699 |     9.6847 |          3.4556 |            7428
2023-01-25 16:59:53 |   255 |     9.000e-05 |    26.9231 |         54.7074 |     9.5443 |          3.4473 |            7428
2023-01-25 17:00:12 |   256 |     9.000e-05 |    27.1092 |         56.1324 |    13.1741 |          3.4512 |            7428
2023-01-25 17:00:34 |   257 |     9.000e-05 |    27.6737 |         54.6051 |     9.8900 |          3.4353 |            7428
2023-01-25 17:00:56 |   258 |     9.000e-05 |    27.5063 |         54.5708 |     9.6766 |          3.4292 |            7428
2023-01-25 17:01:17 |   259 |     9.000e-05 |    27.5616 |         54.4265 |     9.9195 |          3.4160 |            7428
2023-01-25 17:01:39 |   260 |     9.000e-05 |    27.5094 |         53.8793 |     9.8681 |          3.4054 |            7428
2023-01-25 17:02:00 |   261 |     9.000e-05 |    27.4335 |         53.8213 |     9.9682 |          3.4024 |            7428
2023-01-25 17:02:22 |   262 |     9.000e-05 |    27.3800 |         53.8359 |     9.7235 |          3.4034 |            7428
2023-01-25 17:02:43 |   263 |     9.000e-05 |    27.3597 |         53.3425 |     9.6587 |          3.3968 |            7428
2023-01-25 17:03:05 |   264 |     9.000e-05 |    27.3634 |         53.3671 |     9.6981 |          3.3978 |            7428
2023-01-25 17:03:27 |   265 |     9.000e-05 |    27.3041 |         53.4886 |     9.7136 |          3.3994 |            7428
2023-01-25 17:03:49 |   266 |     9.000e-05 |    27.1051 |         53.5874 |     9.7333 |          3.4040 |            7428
2023-01-25 17:04:10 |   267 |     9.000e-05 |    26.8279 |         53.5177 |     9.6480 |          3.3980 |            7428
2023-01-25 17:04:32 |   268 |     9.000e-05 |    26.4732 |         53.4562 |     9.4593 |          3.3975 |            7428
2023-01-25 17:04:54 |   269 |     9.000e-05 |    26.1120 |         53.4166 |     9.3447 |          3.3903 |            7428
2023-01-25 17:05:15 |   270 |     9.000e-05 |    25.7668 |         53.2359 |     9.2145 |          3.3862 |            7428
2023-01-25 17:05:37 |   271 |     9.000e-05 |    25.4775 |         53.3741 |     9.1708 |          3.3811 |            7428
2023-01-25 17:05:59 |   272 |     9.000e-05 |    25.1896 |         53.1835 |     9.1109 |          3.3787 |            7428
2023-01-25 17:06:21 |   273 |     9.000e-05 |    24.9763 |         53.4656 |     9.0880 |          3.3754 |            7428
2023-01-25 17:06:42 |   274 |     9.000e-05 |    24.7510 |         53.2670 |     9.0833 |          3.3754 |            7428
2023-01-25 17:07:04 |   275 |     9.000e-05 |    24.6069 |         53.4929 |     9.0847 |          3.3708 |            7428
2023-01-25 17:07:26 |   276 |     9.000e-05 |    24.4463 |         53.3314 |     9.0559 |          3.3714 |            7428
2023-01-25 17:07:48 |   277 |     9.000e-05 |    24.3722 |         53.6368 |     9.1237 |          3.3673 |            7428
2023-01-25 17:08:10 |   278 |     9.000e-05 |    24.2991 |         53.3218 |     9.0130 |          3.3679 |            7428
2023-01-25 17:08:32 |   279 |     9.000e-05 |    24.2753 |         52.6539 |     9.1320 |          3.3500 |            7428
2023-01-25 17:08:53 |   280 |     9.000e-05 |    24.2628 |         53.0865 |     8.9843 |          3.3655 |            7428
2023-01-25 17:09:15 |   281 |     9.000e-05 |    24.2036 |         53.2847 |     9.2111 |          3.3570 |            7428
2023-01-25 17:09:37 |   282 |     9.000e-05 |    24.0551 |         53.3631 |     8.9681 |          3.3633 |            7428
2023-01-25 17:09:59 |   283 |     9.000e-05 |    23.9537 |         53.5172 |     9.2281 |          3.3588 |            7428
2023-01-25 17:10:21 |   284 |     9.000e-05 |    23.9120 |         53.5861 |     8.9259 |          3.3666 |            7428
2023-01-25 17:10:42 |   285 |     9.000e-05 |    23.7837 |         53.1986 |     9.2608 |          3.3509 |            7428
2023-01-25 17:11:04 |   286 |     9.000e-05 |    23.5631 |         53.9927 |     8.9720 |          3.3602 |            7428
2023-01-25 17:11:26 |   287 |     9.000e-05 |    23.3750 |         53.5298 |     9.2022 |          3.3558 |            7428
2023-01-25 17:11:45 |   288 |     9.000e-05 |    23.3000 |         54.4814 |    11.5272 |          3.3806 |            7428
2023-01-25 17:12:06 |   289 |     9.000e-05 |    23.5750 |         53.4811 |     9.2241 |          3.3461 |            7428
2023-01-25 17:12:28 |   290 |     9.000e-05 |    23.0404 |         53.5616 |     8.8373 |          3.3500 |            7428
2023-01-25 17:12:50 |   291 |     9.000e-05 |    22.9695 |         53.4705 |     9.1452 |          3.3454 |            7428
2023-01-25 17:13:11 |   292 |     9.000e-05 |    22.7769 |         53.2427 |     8.8172 |          3.3439 |            7428
2023-01-25 17:13:33 |   293 |     9.000e-05 |    22.6616 |         53.4093 |     9.3663 |          3.3400 |            7428
2023-01-25 17:13:55 |   294 |     9.000e-05 |    22.4535 |         53.2848 |     8.8127 |          3.3408 |            7428
2023-01-25 17:14:17 |   295 |     9.000e-05 |    22.3822 |         53.5589 |     9.1457 |          3.3386 |            7428
2023-01-25 17:14:39 |   296 |     9.000e-05 |    22.2766 |         53.0764 |     8.8217 |          3.3367 |            7428
2023-01-25 17:15:00 |   297 |     9.000e-05 |    22.2635 |         53.6101 |     9.4753 |          3.3346 |            7428
2023-01-25 17:15:22 |   298 |     9.000e-05 |    22.2118 |         53.3585 |     9.0172 |          3.3370 |            7428
2023-01-25 17:15:44 |   299 |     9.000e-05 |    22.2082 |         52.6352 |     9.3566 |          3.3180 |            7428
2023-01-25 17:16:06 |   300 |     9.000e-05 |    22.1398 |         52.8985 |     8.8958 |          3.3311 |            7428
2023-01-25 17:16:28 |   301 |     9.000e-05 |    22.1102 |         53.4139 |     9.4166 |          3.3297 |            7428
2023-01-25 17:16:50 |   302 |     9.000e-05 |    22.0346 |         53.1632 |     9.0103 |          3.3300 |            7428
2023-01-25 17:17:12 |   303 |     9.000e-05 |    21.9762 |         53.5937 |     9.3690 |          3.3295 |            7428
2023-01-25 17:17:34 |   304 |     9.000e-05 |    21.8061 |         53.1631 |     8.9452 |          3.3276 |            7428
2023-01-25 17:17:56 |   305 |     9.000e-05 |    21.7222 |         53.7407 |     9.7490 |          3.3287 |            7428
2023-01-25 17:18:18 |   306 |     9.000e-05 |    21.5770 |         53.4983 |     9.3752 |          3.3276 |            7428
2023-01-25 17:18:39 |   307 |     9.000e-05 |    21.5350 |         53.7514 |     9.4653 |          3.3269 |            7428
2023-01-25 17:19:01 |   308 |     9.000e-05 |    21.3776 |         53.3873 |     9.0849 |          3.3233 |            7428
2023-01-25 17:19:23 |   309 |     9.000e-05 |    21.3049 |         53.8609 |     9.9361 |          3.3245 |            7428
2023-01-25 17:19:45 |   310 |     9.000e-05 |    21.2205 |         53.8089 |     9.6207 |          3.3294 |            7428
2023-01-25 17:20:06 |   311 |     9.000e-05 |    21.2906 |         54.0651 |     9.7546 |          3.3245 |            7428
2023-01-25 17:20:28 |   312 |     9.000e-05 |    29.0796 |         54.0512 |    10.1478 |          3.4338 |            7428
2023-01-25 17:20:50 |   313 |     9.000e-05 |    22.1826 |         53.0145 |     8.8301 |          3.3409 |            7428
2023-01-25 17:21:11 |   314 |     9.000e-05 |    21.3504 |         53.3610 |     9.0596 |          3.3353 |            7428
2023-01-25 17:21:34 |   315 |     9.000e-05 |    20.8742 |         53.1976 |     9.0934 |          3.3239 |            7428
2023-01-25 17:21:55 |   316 |     9.000e-05 |    20.6265 |         53.2440 |     8.9481 |          3.3197 |            7428
2023-01-25 17:22:17 |   317 |     9.000e-05 |    20.4409 |         53.2889 |     8.9806 |          3.3144 |            7428
2023-01-25 17:22:39 |   318 |     9.000e-05 |    20.2899 |         53.2482 |     8.8665 |          3.3105 |            7428
2023-01-25 17:23:00 |   319 |     9.000e-05 |    20.1793 |         53.3001 |     8.7861 |          3.3053 |            7428
2023-01-25 17:23:19 |   320 |     9.000e-05 |    20.0784 |         55.0481 |    11.7783 |          3.3532 |            7428
2023-01-25 17:23:41 |   321 |     9.000e-05 |    20.3517 |         53.1088 |     8.7562 |          3.2994 |            7428
2023-01-25 17:24:03 |   322 |     9.000e-05 |    19.9206 |         53.2781 |     8.6874 |          3.2984 |            7428
2023-01-25 17:24:24 |   323 |     9.000e-05 |    19.8404 |         53.6702 |     8.7207 |          3.2964 |            7428
2023-01-25 17:24:46 |   324 |     9.000e-05 |    19.7374 |         53.4539 |     8.6550 |          3.2953 |            7428
2023-01-25 17:25:08 |   325 |     9.000e-05 |    19.7357 |         53.6962 |     8.7845 |          3.2951 |            7428
2023-01-25 17:25:29 |   326 |     9.000e-05 |    19.6812 |         53.4719 |     8.6512 |          3.2935 |            7428
2023-01-25 17:25:51 |   327 |     9.000e-05 |    19.8468 |         54.0501 |     9.1289 |          3.2908 |            7428
2023-01-25 17:26:14 |   328 |     9.000e-05 |    20.0433 |         53.3933 |     8.8479 |          3.2997 |            7428
2023-01-25 17:26:35 |   329 |     9.000e-05 |    20.3006 |         54.1015 |     8.9859 |          3.2903 |            7428
2023-01-25 17:26:57 |   330 |     9.000e-05 |    20.3186 |         53.2308 |     8.6616 |          3.2946 |            7428
2023-01-25 17:27:19 |   331 |     9.000e-05 |    20.4309 |         53.8030 |     8.7472 |          3.2886 |            7428
2023-01-25 17:27:41 |   332 |     9.000e-05 |    20.3613 |         53.2603 |     8.5819 |          3.2982 |            7428
2023-01-25 17:28:02 |   333 |     9.000e-05 |    20.3115 |         53.3287 |     8.6073 |          3.2891 |            7428
2023-01-25 17:28:24 |   334 |     9.000e-05 |    19.9961 |         53.1069 |     8.9539 |          3.2919 |            7428
2023-01-25 17:28:46 |   335 |     9.000e-05 |    19.8847 |         53.1624 |     8.7041 |          3.2851 |            7428
2023-01-25 17:29:08 |   336 |     2.700e-05 |    20.3013 |         53.3957 |     9.1671 |          3.2633 |            7428
2023-01-25 17:29:30 |   337 |     2.700e-05 |    19.6773 |         53.1652 |     8.9538 |          3.2583 |            7428
2023-01-25 17:29:51 |   338 |     2.700e-05 |    19.4534 |         53.0210 |     8.8483 |          3.2558 |            7428
2023-01-25 17:30:13 |   339 |     2.700e-05 |    19.2979 |         52.9480 |     8.7782 |          3.2544 |            7428
2023-01-25 17:30:36 |   340 |     2.700e-05 |    19.1749 |         52.9151 |     8.7317 |          3.2533 |            7428
2023-01-25 17:30:58 |   341 |     2.700e-05 |    19.0742 |         52.9088 |     8.7071 |          3.2526 |            7428
2023-01-25 17:31:19 |   342 |     2.700e-05 |    18.9904 |         52.9112 |     8.6917 |          3.2518 |            7428
2023-01-25 17:31:41 |   343 |     2.700e-05 |    18.9157 |         52.9201 |     8.6856 |          3.2513 |            7428
2023-01-25 17:32:03 |   344 |     2.700e-05 |    18.8497 |         52.9438 |     8.6814 |          3.2508 |            7428
2023-01-25 17:32:24 |   345 |     2.700e-05 |    18.7898 |         52.9660 |     8.6788 |          3.2506 |            7428
2023-01-25 17:32:46 |   346 |     2.700e-05 |    18.7343 |         52.9836 |     8.6816 |          3.2500 |            7428
2023-01-25 17:33:08 |   347 |     2.700e-05 |    18.6839 |         53.0022 |     8.6759 |          3.2498 |            7428
2023-01-25 17:33:30 |   348 |     2.700e-05 |    18.6357 |         53.0254 |     8.6815 |          3.2495 |            7428
2023-01-25 17:33:52 |   349 |     2.700e-05 |    18.5898 |         53.0670 |     8.6795 |          3.2494 |            7428
2023-01-25 17:34:13 |   350 |     2.700e-05 |    18.5442 |         53.0798 |     8.6757 |          3.2492 |            7428
2023-01-25 17:34:35 |   351 |     2.700e-05 |    18.5012 |         53.1084 |     8.6773 |          3.2491 |            7428
2023-01-25 17:34:53 |   352 |     2.700e-05 |    18.4950 |         53.8911 |     9.4304 |          3.2670 |            7428
2023-01-25 17:35:15 |   353 |     2.700e-05 |    18.4571 |         53.1633 |     8.6875 |          3.2486 |            7428
2023-01-25 17:35:37 |   354 |     2.700e-05 |    18.3844 |         53.1870 |     8.6854 |          3.2486 |            7428
2023-01-25 17:35:59 |   355 |     2.700e-05 |    18.3453 |         53.2223 |     8.6867 |          3.2484 |            7428
2023-01-25 17:36:22 |   356 |     2.700e-05 |    18.3060 |         53.2399 |     8.6769 |          3.2483 |            7428
2023-01-25 17:36:43 |   357 |     2.700e-05 |    18.2695 |         53.2691 |     8.6817 |          3.2482 |            7428
2023-01-25 17:37:05 |   358 |     2.700e-05 |    18.2332 |         53.2816 |     8.6648 |          3.2479 |            7428
2023-01-25 17:37:27 |   359 |     2.700e-05 |    18.1958 |         53.3333 |     8.6776 |          3.2482 |            7428
2023-01-25 17:37:49 |   360 |     2.700e-05 |    18.1612 |         53.3487 |     8.6599 |          3.2480 |            7428
2023-01-25 17:38:11 |   361 |     2.700e-05 |    18.1247 |         53.3739 |     8.6678 |          3.2480 |            7428
2023-01-25 17:38:33 |   362 |     2.700e-05 |    18.0921 |         53.4008 |     8.6603 |          3.2477 |            7428
2023-01-25 17:38:55 |   363 |     2.700e-05 |    18.0569 |         53.4179 |     8.6590 |          3.2478 |            7428
2023-01-25 17:39:16 |   364 |     2.700e-05 |    18.0233 |         53.4469 |     8.6500 |          3.2477 |            7428
2023-01-25 17:39:38 |   365 |     2.700e-05 |    17.9903 |         53.4904 |     8.6646 |          3.2477 |            7428
2023-01-25 17:40:00 |   366 |     2.700e-05 |    17.9569 |         53.5176 |     8.6477 |          3.2477 |            7428
2023-01-25 17:40:21 |   367 |     2.700e-05 |    17.9240 |         53.5286 |     8.6630 |          3.2475 |            7428
2023-01-25 17:40:43 |   368 |     2.700e-05 |    17.8903 |         53.5440 |     8.6515 |          3.2471 |            7428
2023-01-25 17:41:05 |   369 |     2.700e-05 |    17.8587 |         53.6011 |     8.6656 |          3.2475 |            7428
2023-01-25 17:41:27 |   370 |     2.700e-05 |    17.8262 |         53.6071 |     8.6577 |          3.2472 |            7428
2023-01-25 17:41:49 |   371 |     2.700e-05 |    17.7946 |         53.6489 |     8.6565 |          3.2474 |            7428
2023-01-25 17:42:11 |   372 |     8.100e-06 |    17.6842 |         53.4144 |     8.2164 |          3.2408 |            7428
2023-01-25 17:42:32 |   373 |     8.100e-06 |    17.6057 |         53.3182 |     8.1884 |          3.2389 |            7428
2023-01-25 17:42:54 |   374 |     8.100e-06 |    17.5588 |         53.2808 |     8.1739 |          3.2381 |            7428
2023-01-25 17:43:16 |   375 |     8.100e-06 |    17.5234 |         53.2537 |     8.1653 |          3.2376 |            7428
2023-01-25 17:43:38 |   376 |     8.100e-06 |    17.4935 |         53.2338 |     8.1590 |          3.2372 |            7428
2023-01-25 17:44:00 |   377 |     8.100e-06 |    17.4676 |         53.2191 |     8.1542 |          3.2368 |            7428
2023-01-25 17:44:22 |   378 |     8.100e-06 |    17.4441 |         53.2126 |     8.1509 |          3.2366 |            7428
2023-01-25 17:44:43 |   379 |     8.100e-06 |    17.4228 |         53.1956 |     8.1486 |          3.2363 |            7428
2023-01-25 17:45:05 |   380 |     8.100e-06 |    17.4032 |         53.1988 |     8.1463 |          3.2361 |            7428
2023-01-25 17:45:26 |   381 |     8.100e-06 |    17.3846 |         53.1932 |     8.1447 |          3.2360 |            7428
2023-01-25 17:45:49 |   382 |     8.100e-06 |    17.3664 |         53.1951 |     8.1426 |          3.2358 |            7428
2023-01-25 17:46:10 |   383 |     8.100e-06 |    17.3494 |         53.1928 |     8.1403 |          3.2356 |            7428
2023-01-25 17:46:29 |   384 |     8.100e-06 |    17.3620 |         53.3280 |     8.3860 |          3.2369 |            7428
2023-01-25 17:46:50 |   385 |     8.100e-06 |    17.3315 |         53.1989 |     8.1364 |          3.2354 |            7428
2023-01-25 17:47:12 |   386 |     8.100e-06 |    17.3040 |         53.1918 |     8.1362 |          3.2353 |            7428
2023-01-25 17:47:34 |   387 |     8.100e-06 |    17.2893 |         53.1921 |     8.1357 |          3.2351 |            7428
2023-01-25 17:47:56 |   388 |     8.100e-06 |    17.2750 |         53.1958 |     8.1355 |          3.2351 |            7428
2023-01-25 17:48:18 |   389 |     8.100e-06 |    17.2612 |         53.2027 |     8.1348 |          3.2350 |            7428
2023-01-25 17:48:39 |   390 |     8.100e-06 |    17.2476 |         53.2047 |     8.1345 |          3.2350 |            7428
2023-01-25 17:49:01 |   391 |     8.100e-06 |    17.2349 |         53.2148 |     8.1356 |          3.2351 |            7428
2023-01-25 17:49:23 |   392 |     8.100e-06 |    17.2213 |         53.2135 |     8.1349 |          3.2350 |            7428
2023-01-25 17:49:45 |   393 |     8.100e-06 |    17.2080 |         53.2233 |     8.1348 |          3.2350 |            7428
2023-01-25 17:50:06 |   394 |     8.100e-06 |    17.1952 |         53.2232 |     8.1339 |          3.2348 |            7428
2023-01-25 17:50:28 |   395 |     8.100e-06 |    17.1826 |         53.2273 |     8.1341 |          3.2347 |            7428
2023-01-25 17:50:50 |   396 |     8.100e-06 |    17.1701 |         53.2388 |     8.1338 |          3.2346 |            7428
2023-01-25 17:51:11 |   397 |     8.100e-06 |    17.1578 |         53.2456 |     8.1329 |          3.2345 |            7428
2023-01-25 17:51:33 |   398 |     8.100e-06 |    17.1460 |         53.2469 |     8.1329 |          3.2344 |            7428
2023-01-25 17:51:55 |   399 |     8.100e-06 |    17.1331 |         53.2500 |     8.1337 |          3.2343 |            7428
2023-01-25 17:52:16 |   400 |     8.100e-06 |    17.1215 |         53.2599 |     8.1314 |          3.2343 |            7428
2023-01-25 17:52:38 |   401 |     8.100e-06 |    17.1091 |         53.2626 |     8.1320 |          3.2343 |            7428
2023-01-25 17:53:00 |   402 |     8.100e-06 |    17.0975 |         53.2697 |     8.1313 |          3.2341 |            7428
2023-01-25 17:53:22 |   403 |     8.100e-06 |    17.0858 |         53.2725 |     8.1303 |          3.2341 |            7428
2023-01-25 17:53:44 |   404 |     8.100e-06 |    17.0741 |         53.2856 |     8.1306 |          3.2340 |            7428
2023-01-25 17:54:06 |   405 |     8.100e-06 |    17.0623 |         53.2886 |     8.1290 |          3.2339 |            7428
2023-01-25 17:54:28 |   406 |     8.100e-06 |    17.0512 |         53.2968 |     8.1290 |          3.2339 |            7428
2023-01-25 17:54:50 |   407 |     8.100e-06 |    17.0394 |         53.2929 |     8.1286 |          3.2338 |            7428
2023-01-25 17:55:12 |   408 |     2.430e-06 |    16.9855 |         53.2725 |     8.1233 |          3.2309 |            7428
2023-01-25 17:55:33 |   409 |     2.430e-06 |    16.9613 |         53.2578 |     8.1236 |          3.2306 |            7428
2023-01-25 17:55:55 |   410 |     2.430e-06 |    16.9509 |         53.2479 |     8.1246 |          3.2305 |            7428
2023-01-25 17:56:17 |   411 |     2.430e-06 |    16.9428 |         53.2430 |     8.1254 |          3.2303 |            7428
2023-01-25 17:56:39 |   412 |     2.430e-06 |    16.9356 |         53.2409 |     8.1261 |          3.2302 |            7428
2023-01-25 17:57:01 |   413 |     2.430e-06 |    16.9291 |         53.2365 |     8.1274 |          3.2300 |            7428
2023-01-25 17:57:23 |   414 |     2.430e-06 |    16.9228 |         53.2368 |     8.1273 |          3.2300 |            7428
2023-01-25 17:57:45 |   415 |     2.430e-06 |    16.9169 |         53.2374 |     8.1280 |          3.2299 |            7428
2023-01-25 17:58:03 |   416 |     2.430e-06 |    16.9443 |         53.2915 |     8.0533 |          3.2273 |            7428
2023-01-25 17:58:25 |   417 |     2.430e-06 |    16.9007 |         53.2434 |     8.1262 |          3.2298 |            7428
2023-01-25 17:58:47 |   418 |     2.430e-06 |    16.9008 |         53.2436 |     8.1279 |          3.2297 |            7428
2023-01-25 17:59:08 |   419 |     2.430e-06 |    16.8961 |         53.2413 |     8.1286 |          3.2296 |            7428
2023-01-25 17:59:30 |   420 |     2.430e-06 |    16.8911 |         53.2444 |     8.1291 |          3.2296 |            7428
2023-01-25 17:59:51 |   421 |     2.430e-06 |    16.8863 |         53.2431 |     8.1292 |          3.2295 |            7428
2023-01-25 18:00:14 |   422 |     2.430e-06 |    16.8817 |         53.2481 |     8.1294 |          3.2295 |            7428
2023-01-25 18:00:35 |   423 |     2.430e-06 |    16.8772 |         53.2454 |     8.1297 |          3.2294 |            7428
2023-01-25 18:00:57 |   424 |     2.430e-06 |    16.8727 |         53.2544 |     8.1293 |          3.2294 |            7428
2023-01-25 18:01:19 |   425 |     2.430e-06 |    16.8682 |         53.2516 |     8.1307 |          3.2293 |            7428
2023-01-25 18:01:40 |   426 |     2.430e-06 |    16.8639 |         53.2573 |     8.1296 |          3.2293 |            7428
2023-01-25 18:02:02 |   427 |     2.430e-06 |    16.8596 |         53.2547 |     8.1306 |          3.2292 |            7428
2023-01-25 18:02:24 |   428 |     2.430e-06 |    16.8554 |         53.2594 |     8.1303 |          3.2292 |            7428
2023-01-25 18:02:45 |   429 |     2.430e-06 |    16.8509 |         53.2588 |     8.1301 |          3.2292 |            7428
2023-01-25 18:03:07 |   430 |     2.430e-06 |    16.8468 |         53.2628 |     8.1299 |          3.2291 |            7428
2023-01-25 18:03:28 |   431 |     2.430e-06 |    16.8426 |         53.2620 |     8.1303 |          3.2291 |            7428
2023-01-25 18:03:50 |   432 |     2.430e-06 |    16.8385 |         53.2687 |     8.1298 |          3.2291 |            7428
2023-01-25 18:04:12 |   433 |     2.430e-06 |    16.8345 |         53.2681 |     8.1299 |          3.2290 |            7428
2023-01-25 18:04:34 |   434 |     2.430e-06 |    16.8304 |         53.2745 |     8.1299 |          3.2290 |            7428
2023-01-25 18:04:55 |   435 |     2.430e-06 |    16.8263 |         53.2727 |     8.1300 |          3.2289 |            7428
2023-01-25 18:05:17 |   436 |     2.430e-06 |    16.8223 |         53.2766 |     8.1298 |          3.2289 |            7428
2023-01-25 18:05:39 |   437 |     2.430e-06 |    16.8184 |         53.2785 |     8.1300 |          3.2289 |            7428
2023-01-25 18:06:01 |   438 |     2.430e-06 |    16.8146 |         53.2808 |     8.1290 |          3.2289 |            7428
2023-01-25 18:06:23 |   439 |     2.430e-06 |    16.8105 |         53.2822 |     8.1300 |          3.2288 |            7428
2023-01-25 18:06:45 |   440 |     2.430e-06 |    16.8069 |         53.2884 |     8.1293 |          3.2288 |            7428
2023-01-25 18:07:07 |   441 |     2.430e-06 |    16.8028 |         53.2881 |     8.1288 |          3.2287 |            7428
2023-01-25 18:07:28 |   442 |     2.430e-06 |    16.7991 |         53.2904 |     8.1293 |          3.2287 |            7428
2023-01-25 18:07:50 |   443 |     2.430e-06 |    16.7951 |         53.2938 |     8.1287 |          3.2287 |            7428
2023-01-25 18:08:12 |   444 |     7.290e-07 |    16.7418 |         53.2490 |     8.0864 |          3.2263 |            7428
2023-01-25 18:08:34 |   445 |     7.290e-07 |    16.7306 |         53.2528 |     8.0851 |          3.2263 |            7428
2023-01-25 18:08:56 |   446 |     7.290e-07 |    16.7284 |         53.2550 |     8.0845 |          3.2263 |            7428
2023-01-25 18:09:17 |   447 |     7.290e-07 |    16.7267 |         53.2576 |     8.0842 |          3.2263 |            7428
2023-01-25 18:09:36 |   448 |     7.290e-07 |    16.7564 |         53.2612 |     8.0371 |          3.2260 |            7428
2023-01-25 18:09:57 |   449 |     7.290e-07 |    16.7238 |         53.2641 |     8.0832 |          3.2264 |            7428
2023-01-25 18:10:19 |   450 |     7.290e-07 |    16.7225 |         53.2646 |     8.0836 |          3.2263 |            7428
2023-01-25 18:10:41 |   451 |     7.290e-07 |    16.7211 |         53.2665 |     8.0838 |          3.2263 |            7428
2023-01-25 18:11:03 |   452 |     7.290e-07 |    16.7198 |         53.2672 |     8.0839 |          3.2263 |            7428
2023-01-25 18:11:25 |   453 |     7.290e-07 |    16.7186 |         53.2705 |     8.0839 |          3.2263 |            7428
2023-01-25 18:11:46 |   454 |     7.290e-07 |    16.7173 |         53.2705 |     8.0839 |          3.2263 |            7428
2023-01-25 18:12:08 |   455 |     7.290e-07 |    16.7160 |         53.2738 |     8.0839 |          3.2263 |            7428
2023-01-25 18:12:30 |   456 |     7.290e-07 |    16.7147 |         53.2745 |     8.0838 |          3.2263 |            7428
2023-01-25 18:12:51 |   457 |     7.290e-07 |    16.7134 |         53.2769 |     8.0837 |          3.2263 |            7428
2023-01-25 18:13:13 |   458 |     7.290e-07 |    16.7122 |         53.2775 |     8.0836 |          3.2263 |            7428
2023-01-25 18:13:35 |   459 |     7.290e-07 |    16.7109 |         53.2796 |     8.0837 |          3.2263 |            7428
2023-01-25 18:13:57 |   460 |     7.290e-07 |    16.7096 |         53.2808 |     8.0834 |          3.2263 |            7428
2023-01-25 18:14:19 |   461 |     7.290e-07 |    16.7083 |         53.2823 |     8.0834 |          3.2263 |            7428
2023-01-25 18:14:41 |   462 |     7.290e-07 |    16.7071 |         53.2838 |     8.0831 |          3.2263 |            7428
2023-01-25 18:15:03 |   463 |     7.290e-07 |    16.7058 |         53.2849 |     8.0832 |          3.2263 |            7428
2023-01-25 18:15:25 |   464 |     7.290e-07 |    16.7046 |         53.2878 |     8.0829 |          3.2263 |            7428
2023-01-25 18:15:46 |   465 |     7.290e-07 |    16.7034 |         53.2882 |     8.0828 |          3.2263 |            7428
2023-01-25 18:16:08 |   466 |     7.290e-07 |    16.7021 |         53.2906 |     8.0827 |          3.2263 |            7428
2023-01-25 18:16:30 |   467 |     7.290e-07 |    16.7009 |         53.2907 |     8.0827 |          3.2263 |            7428
2023-01-25 18:16:51 |   468 |     7.290e-07 |    16.6997 |         53.2928 |     8.0824 |          3.2263 |            7428
2023-01-25 18:17:13 |   469 |     7.290e-07 |    16.6985 |         53.2936 |     8.0824 |          3.2263 |            7428
2023-01-25 18:17:35 |   470 |     7.290e-07 |    16.6972 |         53.2958 |     8.0822 |          3.2263 |            7428
2023-01-25 18:17:57 |   471 |     7.290e-07 |    16.6961 |         53.2958 |     8.0818 |          3.2263 |            7428
2023-01-25 18:18:18 |   472 |     7.290e-07 |    16.6948 |         53.2985 |     8.0819 |          3.2263 |            7428
2023-01-25 18:18:40 |   473 |     7.290e-07 |    16.6936 |         53.3004 |     8.0818 |          3.2263 |            7428
2023-01-25 18:19:02 |   474 |     7.290e-07 |    16.6924 |         53.3021 |     8.0814 |          3.2263 |            7428
2023-01-25 18:19:24 |   475 |     7.290e-07 |    16.6912 |         53.3040 |     8.0814 |          3.2263 |            7428
2023-01-25 18:19:46 |   476 |     7.290e-07 |    16.6900 |         53.3034 |     8.0814 |          3.2262 |            7428
2023-01-25 18:20:08 |   477 |     7.290e-07 |    16.6888 |         53.3052 |     8.0809 |          3.2263 |            7428
2023-01-25 18:20:29 |   478 |     7.290e-07 |    16.6876 |         53.3071 |     8.0809 |          3.2263 |            7428
2023-01-25 18:20:51 |   479 |     7.290e-07 |    16.6864 |         53.3074 |     8.0807 |          3.2262 |            7428
2023-01-25 18:21:10 |   480 |     2.187e-07 |    16.6994 |         53.2793 |     8.0484 |          3.2257 |            7428
2023-01-25 18:21:31 |   481 |     2.187e-07 |    16.6628 |         53.2814 |     8.0479 |          3.2256 |            7428
2023-01-25 18:21:53 |   482 |     2.187e-07 |    16.6618 |         53.2806 |     8.0479 |          3.2256 |            7428
2023-01-25 18:22:15 |   483 |     2.187e-07 |    16.6614 |         53.2805 |     8.0477 |          3.2256 |            7428
2023-01-25 18:22:37 |   484 |     2.187e-07 |    16.6610 |         53.2807 |     8.0477 |          3.2256 |            7428
2023-01-25 18:22:58 |   485 |     2.187e-07 |    16.6606 |         53.2812 |     8.0476 |          3.2256 |            7428
2023-01-25 18:23:20 |   486 |     2.187e-07 |    16.6602 |         53.2817 |     8.0476 |          3.2256 |            7428
2023-01-25 18:23:42 |   487 |     2.187e-07 |    16.6599 |         53.2823 |     8.0476 |          3.2256 |            7428
2023-01-25 18:24:03 |   488 |     2.187e-07 |    16.6595 |         53.2830 |     8.0476 |          3.2256 |            7428
2023-01-25 18:24:25 |   489 |     2.187e-07 |    16.6591 |         53.2836 |     8.0475 |          3.2256 |            7428
2023-01-25 18:24:47 |   490 |     2.187e-07 |    16.6588 |         53.2843 |     8.0475 |          3.2256 |            7428
2023-01-25 18:25:09 |   491 |     2.187e-07 |    16.6584 |         53.2849 |     8.0475 |          3.2256 |            7428
2023-01-25 18:25:30 |   492 |     2.187e-07 |    16.6581 |         53.2856 |     8.0475 |          3.2256 |            7428
2023-01-25 18:25:52 |   493 |     2.187e-07 |    16.6577 |         53.2862 |     8.0474 |          3.2256 |            7428
2023-01-25 18:26:14 |   494 |     2.187e-07 |    16.6573 |         53.2869 |     8.0473 |          3.2256 |            7428
2023-01-25 18:26:35 |   495 |     2.187e-07 |    16.6570 |         53.2877 |     8.0474 |          3.2256 |            7428
2023-01-25 18:26:57 |   496 |     2.187e-07 |    16.6566 |         53.2883 |     8.0474 |          3.2256 |            7428
2023-01-25 18:27:19 |   497 |     2.187e-07 |    16.6562 |         53.2889 |     8.0473 |          3.2256 |            7428
2023-01-25 18:27:40 |   498 |     2.187e-07 |    16.6559 |         53.2898 |     8.0474 |          3.2256 |            7428
2023-01-25 18:28:02 |   499 |     2.187e-07 |    16.6555 |         53.2903 |     8.0473 |          3.2256 |            7428
2023-01-25 18:28:24 |   500 |     2.187e-07 |    16.6552 |         53.2915 |     8.0473 |          3.2256 |            7428
